{"eval_perplexity": 20.22902075559767, "eval_emotion_predict_accuracy": 0.10064935064935066, "eval_strategy_predict_accuracy": 0.17764378478664192, "eval_number_of_evaluated_examples": 2156, "intensity_loss": 0.0, "_timestamp": 1706429444, "_runtime": 93, "_step": 0}