{"eval_perplexity": 16.49245947588655, "eval_emotion_predict_accuracy": 0.27087198515769945, "eval_strategy_predict_accuracy": 0.313543599257885, "eval_number_of_evaluated_examples": 2156, "intensity_loss": 0.0, "_timestamp": 1706431781, "_runtime": 611, "_step": 6}