{"eval_perplexity": 16.308971646400668, "eval_emotion_predict_accuracy": 0.19155844155844157, "eval_strategy_predict_accuracy": 0.20640074211502782, "eval_number_of_evaluated_examples": 2156, "intensity_loss": 0.0, "_timestamp": 1706360811, "_runtime": 1397, "_step": 15, "_wandb": {"runtime": 1445}}