{"eval_perplexity": 17.28957401663996, "eval_emotion_predict_accuracy": 0.17207792207792208, "eval_strategy_predict_accuracy": 0.26484230055658625, "eval_number_of_evaluated_examples": 2156, "intensity_loss": 0.0, "_timestamp": 1706445170, "_runtime": 152, "_step": 0}