{"eval_perplexity": 15.859663833170174, "eval_emotion_predict_accuracy": 0.24257884972170687, "eval_strategy_predict_accuracy": 0.2602040816326531, "eval_number_of_evaluated_examples": 2156, "intensity_loss": 0.0, "_timestamp": 1706386625, "_runtime": 1563, "_step": 15, "_wandb": {"runtime": 1613}}