{"eval_perplexity": 16.953375361857237, "eval_emotion_predict_accuracy": 0.2258812615955473, "eval_strategy_predict_accuracy": 0.31261595547309834, "eval_number_of_evaluated_examples": 2156, "intensity_loss": 0.0, "_timestamp": 1706451823, "_runtime": 1489, "_step": 9, "_wandb": {"runtime": 1587}}