{"eval_perplexity": 17.028397379573278, "eval_emotion_predict_accuracy": 0.1725417439703154, "eval_strategy_predict_accuracy": 0.2147495361781076, "eval_number_of_evaluated_examples": 2156, "intensity_loss": 0.0, "_timestamp": 1706404194, "_runtime": 1509, "_step": 15, "_wandb": {"runtime": 1558}}