,length,dist-1,dist-2,dist-3,bleu-1,bleu-2,bleu-3,bleu-4,f1,rouge-l,humanlike,relevance,coherence,diff_max_v,diff_max_a,diff_max_d,diff_max_intensity,diff_mean_v,diff_mean_a,diff_mean_d,div,div2,toxic,bert_precision,bert_recall,bert_f1,Bleu_1,Bleu_2,Bleu_3,Bleu_4,METEOR,ROUGE_L,CIDEr,EmbeddingAverageCosineSimilarity,VectorExtremaCosineSimilarity,GreedyMatchingScore
/bart-our/-LIGHT-TRANS4/all_loss-1.0_0.05_0.05_510-spst-w_eosstg-w_emocat-w_stgcat-vae-mvae8-wo_comet-ct0.2-svae-lc-je-tppm613/bleu2/,22.338562091503267,3.1385281385281383,14.312952568661895,27.06484026494841,23.65314026691499,9.992882734070035,5.320104252474061,3.18581890440039,24.998809650905304,20.2183685897234,0.2939159572124481,0.3870277404785156,0.8089948588148774,-0.030942047930283226,-0.00625185185185185,-0.013444444444444455,0.05823529411764705,-0.025701677379874933,-0.008014920239314827,-0.01784397001154475,3.5935901524934715,0.020436726931367187,9.27580339289179,0.8650332277636642,0.860015132640182,0.8623267130914077,0.23653140266914063,0.09992984760040821,0.05320254436993839,0.03187141707345958,0.09278346142313655,0.202183685897234,0.21026084532192935,0.915966,0.505817,0.734149
/bart-our/-LIGHT-TRANS4PPO/all_loss-1.0_0.05_0.05_510-spst-w_eosstg-w_emocat-w_stgcat-vae-mvae8-wo_comet-ct0.2-svae-lc-je-tppm613/bleu2/epoch0_step78_2024-06-11/lr_2e-07-bs_64-sl_0-gs_16-kl_0.0-wr_1-sr_0.5-lm_0.5_stem_1wo_fullwo_diff_nonmix_rec_llama_load_1.5temp/,22.3681917211329,2.9159869494290374,13.718820861678005,26.2557642559892,23.730278126273753,9.926170072721114,5.236855918823932,3.095544064953433,25.146322830929467,20.30907786547726,0.29475072026252747,0.3979799747467041,0.8079518570052465,-0.031805228758169934,-0.00802309368191721,-0.013963398692810467,0.050792156862745096,-0.02647681103725849,-0.008379338665478927,-0.018443934713704584,3.7943083426571174,0.02447822814677437,9.311255656257433,0.8655960370252854,0.8605346841749802,0.8628730519924288,0.23730278126272833,0.09926271277038334,0.05237040881674076,0.03096896122072686,0.09293605281141319,0.2030907786547726,0.20952951862632888,0.916877,0.506944,0.735081
