{"eval_perplexity": 15.426160634576423, "eval_emotion_predict_accuracy": 0.3965677179962894, "eval_strategy_predict_accuracy": 0.29313543599257885, "eval_number_of_evaluated_examples": 2156, "intensity_loss": 0.0, "_timestamp": 1706377364, "_runtime": 1521, "_step": 15, "_wandb": {"runtime": 1552}}