{"eval_perplexity": 16.00408399387057, "eval_emotion_predict_accuracy": 0.2564935064935065, "eval_strategy_predict_accuracy": 0.29545454545454547, "eval_number_of_evaluated_examples": 2156, "intensity_loss": 0.0, "_timestamp": 1706357801, "_runtime": 1452, "_step": 15, "_wandb": {"runtime": 1500}}