{"eval_perplexity": 16.211096546770257, "eval_emotion_predict_accuracy": 0.3186456400742115, "eval_strategy_predict_accuracy": 0.2912801484230056, "eval_number_of_evaluated_examples": 2156, "intensity_loss": 0.0, "_timestamp": 1706375798, "_runtime": 1415, "_step": 15, "_wandb": {"runtime": 1446}}