{"eval_perplexity": 16.123887839392616, "eval_emotion_predict_accuracy": 0.2523191094619666, "eval_strategy_predict_accuracy": 0.30890538033395176, "eval_number_of_evaluated_examples": 2156, "intensity_loss": 0.0, "_timestamp": 1706433579, "_runtime": 679, "_step": 6}