{"eval_perplexity": 15.333494876754267, "eval_emotion_predict_accuracy": 0.6943413729128015, "eval_strategy_predict_accuracy": 0.3075139146567718, "eval_number_of_evaluated_examples": 2156, "intensity_loss": 0.0, "_timestamp": 1706356305, "_runtime": 1510, "_step": 15, "_wandb": {"runtime": 1541}}