{"eval_perplexity": 15.672761516443813, "eval_emotion_predict_accuracy": 0.7374768089053804, "eval_strategy_predict_accuracy": 0.3116883116883117, "eval_number_of_evaluated_examples": 2156, "intensity_loss": 0.0, "_timestamp": 1706366685, "_runtime": 1395, "_step": 15, "_wandb": {"runtime": 1426}}