{"eval_perplexity": 16.86294832664491, "eval_emotion_predict_accuracy": 0.1637291280148423, "eval_strategy_predict_accuracy": 0.21428571428571427, "eval_number_of_evaluated_examples": 2156, "intensity_loss": 0.0, "_timestamp": 1706405758, "_runtime": 1501, "_step": 15, "_wandb": {"runtime": 1552}}