{"eval_perplexity": 16.10253115271951, "eval_emotion_predict_accuracy": 0.36038961038961037, "eval_strategy_predict_accuracy": 0.3038033395176252, "eval_number_of_evaluated_examples": 2156, "intensity_loss": 0.0, "_timestamp": 1706400975, "_runtime": 1529, "_step": 15, "_wandb": {"runtime": 1580}}