{"eval_perplexity": 15.993083770150704, "eval_emotion_predict_accuracy": 0.7071895424836602, "eval_strategy_predict_accuracy": 0.3202614379084967, "eval_number_of_evaluated_examples": 2295, "intensity_loss": 0.0, "_timestamp": 1706460262, "_runtime": 2560, "_step": 17, "_wandb": {"runtime": 2566}}