{"eval_perplexity": 15.906369768341968, "eval_emotion_predict_accuracy": 0.6797385620915033, "eval_strategy_predict_accuracy": 0.3224400871459695, "eval_number_of_evaluated_examples": 2295, "intensity_loss": 0.0, "_timestamp": 1706410662, "_runtime": 24, "_step": 0}