{"eval_perplexity": 16.223337154210544, "eval_emotion_predict_accuracy": 0.2917439703153989, "eval_strategy_predict_accuracy": 0.30194805194805197, "eval_number_of_evaluated_examples": 2156, "intensity_loss": 0.0, "_timestamp": 1706374339, "_runtime": 1533, "_step": 15, "_wandb": {"runtime": 1550}}