{"eval_perplexity": 17.350742494318705, "eval_emotion_predict_accuracy": 0.7532467532467533, "eval_strategy_predict_accuracy": 0.300556586270872, "eval_number_of_evaluated_examples": 2156, "intensity_loss": 0.0, "_timestamp": 1706349031, "_runtime": 1398, "_step": 15, "_wandb": {"runtime": 1428}}