{"eval_perplexity": 15.71108452495914, "eval_emotion_predict_accuracy": 0.7258812615955473, "eval_strategy_predict_accuracy": 0.30890538033395176, "eval_number_of_evaluated_examples": 2156, "intensity_loss": 0.0, "_timestamp": 1706363808, "_runtime": 1399, "_step": 15, "_wandb": {"runtime": 1430}}