{"eval_perplexity": 16.251569968602368, "eval_emotion_predict_accuracy": 0.2602040816326531, "eval_strategy_predict_accuracy": 0.29777365491651203, "eval_number_of_evaluated_examples": 2156, "intensity_loss": 0.0, "_timestamp": 1706396270, "_runtime": 1530, "_step": 15, "_wandb": {"runtime": 1561}}