{"eval_perplexity": 16.31320398978299, "eval_emotion_predict_accuracy": 0.5468409586056645, "eval_strategy_predict_accuracy": 0.3198257080610022, "eval_number_of_evaluated_examples": 2295, "intensity_loss": 0.0, "_timestamp": 1706471076, "_runtime": 2619, "_step": 17, "_wandb": {"runtime": 2624}}