{"eval_perplexity": 16.43872415287663, "eval_emotion_predict_accuracy": 0.1971243042671614, "eval_strategy_predict_accuracy": 0.27411873840445267, "eval_number_of_evaluated_examples": 2156, "intensity_loss": 0.0, "_timestamp": 1706391479, "_runtime": 1495, "_step": 15, "_wandb": {"runtime": 1544}}