{"eval_perplexity": 15.974037918508936, "eval_emotion_predict_accuracy": 0.2230983302411874, "eval_strategy_predict_accuracy": 0.2277365491651206, "eval_number_of_evaluated_examples": 2156, "intensity_loss": 0.0, "_timestamp": 1706388292, "_runtime": 1604, "_step": 15, "_wandb": {"runtime": 1653}}