{"eval_perplexity": 16.546222220617228, "eval_emotion_predict_accuracy": 0.413265306122449, "eval_strategy_predict_accuracy": 0.2949907235621521, "eval_number_of_evaluated_examples": 2156, "intensity_loss": 0.0, "_timestamp": 1706385017, "_runtime": 1514, "_step": 15, "_wandb": {"runtime": 1545}}