{"eval_perplexity": 17.371198477412253, "eval_emotion_predict_accuracy": 0.20454545454545456, "eval_strategy_predict_accuracy": 0.237012987012987, "eval_number_of_evaluated_examples": 2156, "intensity_loss": 0.0, "_timestamp": 1706430817, "_runtime": 487, "_step": 5}